{
    "cnn_lstm": 0.43936651583710407, 
    "base_model_counts": {
        "correct_predicted_by_all": 553, 
        "incorrect_predicted_by_all": 763, 
        "correct_predicted_by_some": [
            245, 
            186, 
            208, 
            255
        ]
    }, 
    "bi_lstm": 0.4574660633484163, 
    "stacked": 0.4416289592760181, 
    "average": 0.4805429864253394, 
    "majority": 0.47285067873303166, 
    "cnn": 0.45384615384615384, 
    "cnn_bi_lstm": 0.46108597285067876, 
    "lstm": 0.46244343891402717, 
    "blend": 0.40588235294117647
}